key,variant,source_value,fr_target,de_target,ja_target,ko_target,es_target
activity.burnCalories,,Burn calories,,,,,
activity.burnTitle,,Burned,,,,,
activity.dailySteps,,Daily steps,,,,,
activity.delete.title,,Delete Activity,,,,,
activity.deleteWorkoutDescription,,You won't see this workout again.,,,,,
activity.deleteWorkoutTitle,,Delete workout?,,,,,
activity.duration,,Duration,,,,,
activity.empty,,"No
Activity",,,,,
activity.examplePlaceholder,,e.g. Surfing,,,,,
activity.exercise,,Exercise,,,,,
activity.exerciseBurn,,Exercise burn,,,,,
activity.exercises,,Exercises,,,,,
activity.log,,Log Exercise,,,,,
activity.loggedExercises,,Logged Exercises,,,,,
activity.name,,Activity name,,,,,
activity.searchPlaceholder,,Search activity,,,,,
activity.title,,Activity,,,,,
chooseLanguage.country.english,,English,,,,,
chooseLanguage.country.french,,French,,,,,
chooseLanguage.country.Germany,,Germany,,,,,
chooseLanguage.country.japanese,,Japanese,,,,,
chooseLanguage.country.korean,,Korean,,,,,
chooseLanguage.country.spanish,,Spanish,,,,,
chooseLanguage.country.vietnamese,,Vietnamese,,,,,
chooseLanguage.title,,Language,,,,,
common.add,,Add,,,,,
common.apply,,Apply,,,,,
common.applyChange,,Apply Change,,,,,
common.back,,Back,,,,,
common.cancel,,Cancel,,,,,
common.close,,Close,,,,,
common.confirm,,Confirm,,,,,
common.continue,,Continue,,,,,
common.custom,,Custom,,,,,
common.delete,,Delete,,,,,
common.discoverNow,,Discover Now,,,,,
common.done,,Done,,,,,
common.edit,,Edit,,,,,
common.filter,,Filters,,,,,
common.generate,,Generate,,,,,
common.gotIt,,Got it,,,,,
common.level.high,,High,,,,,
common.level.light,,Light,,,,,
common.level.low,,Low,,,,,
common.level.moderate,,Moderate,,,,,
common.logMore,,Log More,,,,,
common.more,,More,,,,,
common.next,,Next,,,,,
common.noData,,No Data,,,,,
common.noItemMatching,,"No matching %1$@ found.
Try searching with different keywords.",,,,,
common.ok,,OK,,,,,
common.paste,,Paste,,,,,
common.remove,,Remove,,,,,
common.reset,,Reset,,,,,
common.retake,,Retake,,,,,
common.retry,,Retry,,,,,
common.save,,Save,,,,,
common.skip,,Skip,,,,,
common.today,,Today,,,,,
common.tryAgain,,Try again,,,,,
common.unit.hour,,common.unit.hour,,,,,
common.unit.hour,plural.one,%lld hour,,,,,
common.unit.hour,plural.other,%lld hours,,,,,
common.unit.minute,,common.unit.minute,,,,,
common.unit.minute,plural.one,%lld minute,,,,,
common.unit.minute,plural.other,%lld minutes,,,,,
common.unsavedChanges.description,,"If you leave now, your updated information and goals won't be saved.",,,,,
common.unsavedChanges.title,,Leave without saving?,,,,,
common.yesterday,,Yesterday,,,,,
daily.recommendations,,Daily Recommendations,,,,,
daily.suggestedRoutine,,Suggested Routine,,,,,
daily.todaySoFar,,Today So Far,,,,,
daily.watchOutFor,,Watch Out For,,,,,
error.generic,,An error occurred,,,,,
error.noInternetDescription,,Please check your internet connection and try again.,,,,,
error.noInternetTitle,,No Connection,,,,,
health.criticalHigh,,Critical High,,,,,
health.criticalLow,,Critical Low,,,,,
insight.error.loadFailed,,Insight Didn't Load,,,,,
insight.generate,,Generate Insight,,,,,
insight.generating,,Generating AI insights,,,,,
insight.notReadyDescription,,"Your personalized insight isn't ready yet.
We're analyzing your data to deliver
 meaningful recommendations",,,,,
insight.readyTitle,,Today's Insight Ready,,,,,
insight.title,,AI Daily Insight,,,,,
meal.analyze,,Analyze,,,,,
meal.analyzing.detectingItems,,Detecting food items...,,,,,
meal.analyzing.finalizing,,Finalizing details...,,,,,
meal.analyzing.processing,,Processing...,,,,,
meal.analyzing.ready,,Ready to analyze,,,,,
meal.analyzing.searchingMatch,,Searching for the best match...,,,,,
meal.cameraTip.foodPosition,,Position your food inside the square and capture a clear photo showing as many ingredients as possible.,,,,,
meal.cameraTip.fullLabel,,Capture the full label,,,,,
meal.cameraTip.nutritionFactsPanel,,"Ensure the entire Nutrition Facts panel is visible and clear, from serving sizes to macro details.",,,,,
meal.cameraTip.title,,Bur,,,,,
meal.container.bento,,Bento Box,,,,,
meal.container.bentoShort,,Bento,,,,,
meal.container.bowl,,Bowl,,,,,
meal.container.cup,,Cup,,,,,
meal.container.plate,,Plate,,,,,
meal.container.takeout,,Takeout Box,,,,,
meal.container.takeoutShort,,Takeout,,,,,
meal.delete.description,,You won't see this meal again.,,,,,
meal.delete.title,,Delete meal?,,,,,
meal.describePlaceholder,,Describe your ideal meal (Optional),,,,,
meal.detailMealHelp,,Detail your meal to help AI analyze more accurately (Optional),,,,,
meal.discard.action,,Discard Anyway,,,,,
meal.discard.description,,Your current meal analysis hasn't been saved yet.,,,,,
meal.discard.title,,Discard this meal?,,,,,
meal.edit.title,,Edit Meal,,,,,
meal.empty,,"No
Meal",,,,,
meal.error.unrecognizedFoodDescription,,Make sure the item is in focus and try again.,,,,,
meal.error.unrecognizedFoodTitle,,Couldn't Recognize Food,,,,,
meal.exceedsDailyCalories,,Exceeds your remaining daily calories.,,,,,
meal.fitsDailyCalories,,Fits your estimated calories,,,,,
meal.fitsYou,,Fits You,,,,,
meal.foodName,,Name of food,,,,,
meal.labelOption,,Label,,,,,
meal.log,,Log Meal,,,,,
meal.loggedMeals,,Logged Meals,,,,,
meal.mealName,,Name of meal,,,,,
meal.mealOption,,Meal,,,,,
meal.size.estimated,,Estimated Meal Size,,,,,
meal.size.select,,Select size,,,,,
meal.size.title,,Meal Size,,,,,
meal.type.breakfast,,Breakfast,,,,,
meal.type.dinner,,Dinner,,,,,
meal.type.lunch,,Lunch,,,,,
meal.type.snack,,Snack,,,,,
meal.typeMealPlaceholder,,Type your meal,,,,,
meal.yourMeal,,Your Meal,,,,,
mealReview.generate,,Generate Review,,,,,
mealReview.generateInsight,,Generate Insight,,,,,
mealReview.generating,,"Reviewing today's meals and
 creating insights for you...",,,,,
mealReview.notReadyDescription,,Your meal review isn't ready yet. We're analyzing the nutrition and balance of your meal to provide accurate feedback.,,,,,
mealReview.shortReview,,Short review,,,,,
mealReview.title,,Meal Review,,,,,
nutrition.bmi.current,,Your BMI: %@,,,,,
nutrition.bmi.explanation,,"Body Mass Index is a standard measurement of body fat based on height and weight, calculated according to WHO guidelines.",,,,,
nutrition.bmi.healthyWeight,,Healthy Weight,,,,,
nutrition.bmi.obese,,Obese,,,,,
nutrition.bmi.overweight,,Overweight,,,,,
nutrition.bmi.target,,Target BMI: %@,,,,,
nutrition.bmi.underweight,,Underweight,,,,,
nutrition.bmi.whoGuideline,,Based on WHO BMI guidelines,,,,,
nutrition.calculatingCalories,,Estimating calories,,,,,
nutrition.calories,,Calories,,,,,
nutrition.caloriesEstimated,,Estimated Calories,,,,,
nutrition.caloriesPerServing,,Calories per serving,,,,,
nutrition.carbs,,Carbs,,,,,
nutrition.eatenTitle,,Eaten,,,,,
nutrition.fat,,Fats,,,,,
nutrition.goal,,Goal:,,,,,
nutrition.goalCalories,,Goal: %@kcal,,,,,
nutrition.goalWeight,,Goal weight: %@,,,,,
nutrition.plan,,Plan,,,,,
nutrition.protein,,Proteins,,,,,
nutrition.remaining,,Remaining,,,,,
nutrition.targetGoal,,Goal:,,,,,
nutrition.title,,Nutrition,,,,,
nutrition.toReachGoal,,To reach goal,,,,,
nutrition.trackerTitle,,Calorie Tracker,,,,,
nutrition.vsMacroTarget,,Vs Macro target,,,,,
onboarding.activity.high,,High activity,,,,,
onboarding.activity.highDescription,,Intense daily activity or frequent workouts,,,,,
onboarding.activity.light,,Lightly activity,,,,,
onboarding.activity.lightDescription,,Light daily movement or occasional exercise,,,,,
onboarding.activity.low,,Low activity,,,,,
onboarding.activity.lowDescription,,Mostly sitting with little daily movement,,,,,
onboarding.activity.moderate,,Moderate activity,,,,,
onboarding.activity.moderateDescription,,Regular activity or exercise several times a week,,,,,
onboarding.activityLevelTitle,,Your activity level?,,,,,
onboarding.birthYear,,Your birth year,,,,,
onboarding.bmiAdvice.highRisk,,This target keeps you in a high-risk zone. We recommend setting a slightly lower goal for your health.,,,,,
onboarding.bmiAdvice.low,,A bit too low. Aiming for a slightly higher weight will help boost your daily energy.,,,,,
onboarding.bmiAdvice.perfect,,Perfect! A highly realistic and sustainable goal for your body.,,,,,
onboarding.bmiAdvice.severeRiskHigh,,Warning: This goal poses severe health risks. We recommend setting a slightly lower goal for your health.,,,,,
onboarding.bmiAdvice.severeRiskLow,,Warning: This target is extremely low. Please consider a safer weight or consult a doctor.,,,,,
onboarding.bmiAdvice.slightlyHigh,,Slightly above the healthy zone. It’s a manageable starting point to work toward later.,,,,,
onboarding.currentWeight,,Your current weight?,,,,,
onboarding.getStarted,,GET STARTED,,,,,
onboarding.goal.gainWeight,,Gain Weight,,,,,
onboarding.goal.loseWeight,,Lose Weight,,,,,
onboarding.goal.maintainWeight,,Maintain Weight,,,,,
onboarding.goalSummary.gain,,Gain %1$@ from %2$@,,,,,
onboarding.goalSummary.lose,,Lose %1$@ from %2$@,,,,,
onboarding.goalSummary.maintain,,Maintain your weight at %@,,,,,
onboarding.goalSummary.reach,,Reach %@,,,,,
onboarding.goalTitle,,What's your goal?,,,,,
onboarding.height,,How tall are you?,,,,,
onboarding.loading.analyzingGoals,,Analyzing your goals,,,,,
onboarding.loading.buildingMacroPlan,,Building your macro plan,,,,,
onboarding.loading.calculatingCalories,,Calculating daily calories,,,,,
onboarding.loading.calculatingMacros,,Calculating macros,,,,,
onboarding.loading.creatingPlan,,Creating your personalized plan...,,,,,
onboarding.loading.personalizingRecommendations,,Personalizing recommendations,,,,,
onboarding.personalSummary,,Personal Summary,,,,,
onboarding.plan.defaultRecommendation,,"Focus on balanced meals with protein, carbohydrates, and healthy fats to stay on track.",,,,,
onboarding.planReady,,Your Personal Plan is Ready!,,,,,
onboarding.slogan.achieveMore,,Achieve more.,,,,,
onboarding.slogan.scanSmarter,,Scan smarter. Reach goals faster.,,,,,
onboarding.slogan.trackLess,,Track less. ,,,,,
onboarding.startPlan,,Start My Plan,,,,,
onboarding.subtitle,,"Track meals, build healthier habits, and reach your goals with AI.",,,,,
onboarding.targetWeight,,Your target weight?,,,,,
onboarding.tellUsAboutYou,,Tell us about you,,,,,
onboarding.title,,Calorie Tracker,,,,,
permission.camera.title,,Camera Access,,,,,
profile.currentWeight,,Current: %@kg,,,,,
profile.gender,,Gender,,,,,
profile.gender.female,,Female,,,,,
profile.gender.male,,Male,,,,,
profile.gender.nonBinary,,Non-binary,,,,,
profile.gender.other,,Other,,,,,
profile.minWeight,,MinWeight,,,,,
recipe.aiChef,,AI Chef,,,,,
recipe.cookingTime,,Cooking time,,,,,
recipe.cookSubtitle,,Cook your way to your goals!,,,,,
recipe.delete.description,,You won't be able to recover this recipe.,,,,,
recipe.delete.title,,Delete recipe?,,,,,
recipe.description,,Turn your available ingredients into personalized meals that fit your calorie goal.,,,,,
recipe.detailTitle,,Recipe Detail,,,,,
recipe.energyValue,,Energy value,,,,,
recipe.error.loadFailed,,We couldn't load this recipe. Please try again.,,,,,
recipe.favorites.emptyDescription,,Looks like you haven't added anything to your favorites yet.,,,,,
recipe.favorites.emptyTitle,,No Favorites Yet,,,,,
recipe.favorites.title,,Favourites,,,,,
recipe.generate,,Generate Recipe,,,,,
recipe.generating.gatheringIngredients,,Gathering your ingredients...,,,,,
recipe.ingredients,,Ingredients,,,,,
recipe.ingredientsEmpty,,No ingredients added yet,,,,,
recipe.instructions,,How to make,,,,,
recipe.logAndSave,,Log & Save,,,,,
recipe.mealType,,Meal Type,,,,,
recipe.moreIdeas,,More ideas with your ingredients,,,,,
recipe.searchPlaceholder,,Search for recipes,,,,,
recipe.serving,,Serving,,,,,
recipe.stepNumber,,Step %lld,,,,,
recipe.tabTitle,,Recipes,,,,,
recipe.title,,Recipe,,,,,
recipe.typeIngredientPlaceholder,,Type an ingredient...,,,,,
Select size,,Select size,,,,,
settings.appleHealth,,Apple Health,,,,,
settings.glassSize,,Glass size,,,,,
settings.glassSizeDescription,,Standard glass size for calculating water intake.,,,,,
settings.language,,Language,,,,,
settings.privacyPolicy,,Privacy Policy,,,,,
settings.rateUs,,Rate Us,,,,,
settings.recalculatePlan,,Recalculate plan,,,,,
settings.sectionOther,,Other,,,,,
settings.sectionPlan,,Plan,,,,,
settings.sectionSystem,,System,,,,,
settings.shareApp,,Share App,,,,,
settings.system,,System,,,,,
settings.title,,Settings,,,,,
settings.unit.imperial,,lbs/ft,,,,,
settings.unit.metric,,kg/cm,,,,,
settings.unitOfMeasurement,,Units,,,,,
settings.writeFeedback,,Write Feedback,,,,,
statistics.caloriesEaten,,Calories Eaten,,,,,
statistics.caloriesGoal,,Goal: %@ kcal,,,,,
statistics.noData,,No data available,,,,,
statistics.period.day,,Day,,,,,
statistics.period.oneMonth,,1 month,,,,,
statistics.period.oneYear,,1 year,,,,,
statistics.period.sevenDays,,7 days,,,,,
statistics.period.sixMonths,,6 months,,,,,
statistics.title,,Statistics,,,,,
statistics.weightCurrent,,Current: %@ kg,,,,,
subscription.adUnlockPrompt,,"Watch a short ad to unlock for free, or get Premium for unlimited access.",,,,,
subscription.getPremium,,Get Premium,,,,,
subscription.lifetime,,Lifetime,,,,,
subscription.monthly,,Monthly,,,,,
subscription.paywall.autoRenewCancelAnytime,,Auto-renew. Cancel anytime.,,,,,
subscription.paywall.bestOffer,,Best Offer,,,,,
subscription.paywall.popular,,Popular,,,,,
subscription.paywall.pricePerPeriod,,Just %1$@/%2$@,,,,,
subscription.paywall.pricePerWeek,,Just %@/week,,,,,
subscription.paywall.savePercent,,Save %@%%,,,,,
subscription.paywall.termAutoRenew,,• Your subscription automatically renews unless auto-renew is turned off at least 24 hours before the end of the current period.,,,,,
subscription.paywall.termCharge,,"• Once you confirm the purchase, your payment will be charged to your iTunes Account.",,,,,
subscription.paywall.termManage,,• Subscription may be managed by the user and auto-renewal may be turned off by going to the user's Account Settings after purchase.,,,,,
subscription.paywall.termPriceWeeklyYearly,,• The price of weekly subscription is %1$@ and yearly subscription is %2$@ (%3$@ per week).,,,,,
subscription.paywall.termPriceWeeklyYearlyMonthly,,"• The price of weekly subscription is %1$@, yearly subscription is %2$@ (%3$@ per week) and monthly subscription is %4$@.",,,,,
subscription.paywall.termRenewal,,• Your account will be charged for renewal within 24 hours prior to the end of the current period.,,,,,
subscription.period.lifeTime,,lifetime,,,,,
subscription.period.month,,month,,,,,
subscription.period.week,,week,,,,,
subscription.period.year,,year,,,,,
subscription.perWeek,,Per week,,,,,
subscription.privacyPolicy,,Privacy Policy,,,,,
subscription.restorePurchase,,Restore,,,,,
subscription.terms,,Subscription Terms,,,,,
subscription.termsOfUse,,Terms of Use,,,,,
subscription.unlockFeature,,Unlock this feature,,,,,
subscription.watchAd,,Watch Ad,,,,,
subscription.weekly,,Weekly,,,,,
subscription.yearly,,Yearly,,,,,
tab.add,,Add,,,,,
tab.recipe,,Recipe,,,,,
tab.tracking,,Tracking,,,,,
toast.activity.logFailed,,Failed to log activity,,,,,
toast.activity.logSuccess,,Successfully logged activity,,,,,
toast.aiChef.ingredientNotFound,,Could not find these ingredients.,,,,,
toast.aiChef.recipeGenerateFailed,,We couldn't generate your recipes. Please try again.,,,,,
toast.common.networkError,,Network connection error. Please try again.,,,,,
toast.common.somethingWrongPleaseTryAgain,,Something wrong. Please try again.,,,,,
toast.favourite.updateFailed,,Failed to update favorites,,,,,
toast.meal.logFailed,,Failed to log meal,,,,,
toast.meal.logSuccess,,Successfully logged meal,,,,,
toast.tracking.logSuccessNamed,,Successfully log %1$@,,,,,
toast.water.logFailed,,Failed to log water,,,,,
toast.water.logSuccess,,Successfully logged water,,,,,
toast.weight.logFailed,,Failed to log weight,,,,,
toast.weight.logSuccess,,Successfully logged weight,,,,,
water.glassCount,,water.glassCount,,,,,
water.glassCount,plural.one,%lld glass,,,,,
water.glassCount,plural.other,%lld glasses,,,,,
water.glassSize,,Glass size,,,,,
water.glassSizeDescription,,Set the amount of water per glass when logging,,,,,
water.intake,,Water Intake,,,,,
water.log,,Log Water,,,,,
water.title,,Water,,,,,
weight.goalWeight,,Goal Weight: %@,,,,,
weight.log,,Log Weight,,,,,
weight.title,,Weight,,,,,
